<linker>
       <assembly fullname="System">
			<type fullname="System.ComponentModel.TypeDescriptor" preserve="all"/>
			<type fullname="System.ComponentModel.TypeConverter" preserve="all"/>
			<type fullname="System.ComponentModel.StringConverter" preserve="all"/>
			<type fullname="System.ComponentModel.BooleanConverter" preserve="all"/>
			<type fullname="System.ComponentModel.EnumConverter" preserve="all"/>
			<type fullname="System.ComponentModel.Int64Converter" preserve="all"/>
			<type fullname="System.ComponentModel.Int32Converter" preserve="all"/>
			<type fullname="System.ComponentModel.Int16Converter" preserve="all"/>
			<type fullname="System.ComponentModel.ArrayConverter" preserve="all"/>
			<type fullname="System.ComponentModel.CollectionConverter" preserve="all"/>
			<type fullname="System.ComponentModel.DecimalConverter" preserve="all"/>
			<type fullname="System.ComponentModel.SingleConverter" preserve="all"/>
			<type fullname="System.ComponentModel.DoubleConverter" preserve="all"/>
       </assembly>
</linker>